{
  "_generated": "Generated by SweetTooth, do not edit",
  "description": "Toggle systemd services on/off from a popup menu in the top gnome panel. Can be used to start services like apache2, mysql, postgres. It uses `pkexec' to run `sytemctl'. If you want to start services without entering a password you have to polkit policy file. An example policy file can be found in the github repository.",
  "gettext-domain": "systemd-manager",
  "name": "Systemd Manager",
  "settings-schema": "org.gnome.shell.extensions.systemd-manager",
  "shell-version": [
    "3.34",
    "3.32",
    "3.36",
    "3.38",
    "40"
  ],
  "url": "https://github.com/hardpixel/systemd-manager",
  "uuid": "systemd-manager@hardpixel.eu",
  "version": 4
}