{
  "_generated": "Generated by SweetTooth, do not edit",
  "description": "Move dock anywhere on the desktop\n\nPress Ctrl+Alt+k to vi mode\nPress lowercase alphabet, open new window or active the window\nPress uppercase alphabet, force to open new window\n\nPoint on the main button, change workspace by mouse scroll\nRight click the main button, show some selections",
  "name": "Floating Dock",
  "original-authors": "sun.wxg@gmail.com",
  "shell-version": [
    "40"
  ],
  "url": "https://github.com/sunwxg/gnome-shell-extension-floatingDock",
  "uuid": "floatingDock@sun.wxg@gmail.com",
  "version": 17
}