{
  "_generated": "Generated by SweetTooth, do not edit",
  "description": "Put Gnome Tweaks and Extensions (on Shell 40 and later) in the System menu.",
  "gettext-domain": "tweaks-system-menu",
  "name": "Tweaks & Extensions in System Menu",
  "settings-schema": "org.gnome.shell.extensions.tweaks-system-menu",
  "shell-version": [
    "3.36",
    "3.35.92",
    "3.38",
    "40.0"
  ],
  "url": "https://github.com/F-i-f/tweaks-system-menu",
  "uuid": "tweaks-system-menu@extensions.gnome-shell.fifi.org",
  "vcs_revision": "v15-0-ge3b04c7",
  "version": 15
}