<schemalist gettext-domain="gnome-shell-extensions">
  <schema id="org.gnome.shell.extensions.floatingDock" path="/org/gnome/shell/extensions/floatingDock/">
    <key name="floating-dock-hotkey" type="as">
      <default><![CDATA[['<Control><Alt>k']]]></default>
      <summary>Key to trigger dock</summary>
      <description>
      </description>
    </key>
    <key name="floating-dock-direction" type="s">
      <default>"up"</default>
      <summary>Direction</summary>
      <description>
      </description>
    </key>
    <key name="floating-dock-icon-size" type="i">
      <default>48</default>
      <summary>Icon Size</summary>
      <description>
      </description>
    </key>
    <key name="floating-dock-icon-file" type="s">
      <default>'/path/to/icon/file'</default>
      <summary>Icon file</summary>
      <description>
        Path to icon file. Note that the backend only supports
        local (file://) URIs.
      </description>
    </key>
    <key name="floating-dock-position" type="ai">
      <default>[30,30]</default>
      <summary>Dock box postion</summary>
      <description>
      </description>
    </key>
    <key name="floating-dock-icon-favorites" type="b">
      <default>true</default>
      <summary>Use system favorites</summary>
      <description>
      </description>
    </key>
    <key name="floating-dock-app-list" type="s">
      <default>"firefox.desktop"</default>
      <summary>Customer app list</summary>
      <description>
      </description>
    </key>
    <key name="floating-dock-keep-open" type="b">
      <default>false</default>
      <summary>Keep app list open</summary>
      <description>
      </description>
    </key>
    <key name="floating-dock-current-workspace-app" type="b">
      <default>false</default>
      <summary>Show current workspace applications</summary>
      <description>
      </description>
    </key>
    <key name="floating-dock-applications-button" type="b">
      <default>true</default>
      <summary>Show applications button</summary>
      <description>
      </description>
    </key>
    <key name="floating-dock-indicator" type="as">
      <default>["dot", "left"]</default>
      <summary>Appliation indicator type</summary>
      <description>
      </description>
    </key>
  </schema>
</schemalist>
